canonical_crop,canonical_disease,source_dataset,source_label,mapping_status,notes
rice,blast,rice_leaf_diseases,Rice_Blast,EXACT,Standard Magnaporthe oryzae fungal lesion
rice,bacterial_blight,rice_leaf_diseases,Bacterial_leaf_blight,EXACT,Xanthomonas oryzae bacterial blight
rice,brown_spot,rice_leaf_diseases,Brown_spot,EXACT,Bipolaris oryzae fungal leaf spot
wheat,yellow_rust,wheat_disease_dataset,Yellow_rust,EXACT,Puccinia striiformis stripe rust
wheat,brown_rust,wheat_disease_dataset,Brown_rust,EXACT,Puccinia triticina leaf rust
tomato,late_blight,plantvillage,Tomato___Late_blight,EXACT,Phytophthora infestans
tomato,late_blight,plantdoc,Tomato Late blight,MAPPED,Field background sample
tomato,early_blight,plantvillage,Tomato___Early_blight,EXACT,Alternaria solani
tomato,early_blight,plantdoc,Tomato Early blight,MAPPED,Field background sample
tomato,leaf_curl,plantvillage,Tomato___Tomato_Yellow_Leaf_Curl_Virus,EXACT,ToLCV virus
tomato,healthy,plantvillage,Tomato___healthy,EXACT,Healthy tomato foliage
potato,late_blight,plantvillage,Potato___Late_blight,EXACT,Phytophthora infestans on potato
potato,early_blight,plantvillage,Potato___Early_blight,EXACT,Alternaria solani on potato
potato,healthy,plantvillage,Potato___healthy,EXACT,Healthy potato foliage
cotton,leaf_curl,cotton_disease_dataset,Cotton_leaf_curl,EXACT,CLCuV vector-borne virus
cotton,bacterial_blight,cotton_disease_dataset,Bacterial_blight,EXACT,Xanthomonas citri pv. malvacearum
general,healthy,plantvillage,Pepper,_bell___healthy,MAPPED,Healthy leaf reference
